{"model_name": "m_0", "hyperparameters": "{'alpha': 0.2, 'q_architecture': (64, 64), 'q_activation_function': <class 'torch.nn.modules.activation.ReLU'>, 'policy_architecture': (64, 64), 'policy_activation_function': <class 'torch.nn.modules.activation.ReLU'>}", "final_mean_reward": 812.478600977729, "average_mean_reward": 759.3362397629882, "median_mean_reward": 719.9492994483151, "best_mean_reward": 2434.594735932508, "cumulative_reward": 151867.24795259762, "auc_mean_reward": 151455.27563942387, "path_to_best_model": "/home/mila/c/cesare.spinoso/etienne/GROUP_013/results/2022-04-24_21h33m14/sac_ckpt_m_0_2434.595.pth.tar", "list_of_rewards": [11.466025369771035, 11.532488525314635, 174.50637341822608, 289.3050838447915, 310.34203325425955, 321.87150085857564, 315.28158011524965, 326.2108852972316, 306.3702199347087, 322.7480584597948, 309.2663442562455, 305.56437719951543, 294.87185768522016, 303.1724817002974, 302.0935700218683, 273.60558143717526, 267.45289954035985, 334.0687487319381, 347.9396043368097, 308.9885544753688, 301.61809081669037, 344.95552622308935, 368.6699803459938, 320.4920448069378, 410.9347676152647, 367.18352608207186, 426.3893920937362, 505.6308100356018, 468.646672439555, 616.6205034110093, 516.5280647238885, 501.70566766869786, 642.1509823235666, 644.7305149753947, 996.9834408818637, 983.4174164842034, 941.2942722016114, 942.2765652869617, 606.9103561908711, 798.9653027419562, 656.6163328649151, 678.6596825753397, 583.7607375139436, 486.08998594804825, 516.0215264175022, 994.2337888903843, 994.833289088009, 2222.1124952771315, 2190.2279289411654, 923.337883660612, 924.6367567152116, 669.0640310280994, 620.853146655226, 558.7547419616833, 558.446917203027, 565.4268766467301, 546.3152148762823, 503.80453347069533, 534.2868716611238, 537.3037951930502, 563.1819333508571, 1115.3570454750748, 1147.115399349744, 1281.500504072817, 1730.3546444344684, 1713.226839756986, 974.0786268766071, 349.1513861139051, 349.5196264292172, 348.3671715657999, 346.9480172908983, 336.82054870800505, 337.26476271104127, 780.2702773628308, 746.5534104498645, 746.7470467026676, 779.1427694657336, 780.8779946065046, 660.1387040912762, 528.4728402229455, 669.6914755147969, 670.5800301877834, 535.9303449144412, 506.2212723140359, 505.57364372564535, 687.2475900977358, 567.4886909116335, 566.4632481463665, 542.127290055134, 777.0398505053472, 786.4080603785612, 587.5590199740866, 704.6494244526036, 704.2537893390524, 862.3217933764508, 863.2449197782437, 807.0557094259708, 810.3021118677016, 594.9877423721509, 733.5021260208314, 740.8001779341078, 835.235152634993, 831.3757654792407, 726.3871081043746, 757.8691041300583, 753.7319849324422, 636.2109559322212, 637.0571219763369, 596.6139314621647, 584.2497467669583, 590.9849680402874, 589.9445590538041, 659.3965266442112, 659.8226598692074, 630.7224399806568, 628.2618847119977, 620.8841766573638, 568.9168395293584, 568.0754807517088, 615.6793430155642, 672.2286301602483, 673.236664281713, 693.2289969800021, 703.087427921601, 704.798278504054, 722.1043532813342, 722.4950795502227, 581.1973313585204, 741.4549144257305, 759.0530326048791, 761.0200363365086, 713.4429868065716, 710.2342754807225, 716.0824314588166, 719.5530879513102, 739.1797259220679, 739.2954827725671, 864.0554484196031, 696.2955542313812, 702.243707323538, 720.9437632487774, 720.34551094532, 928.6712732626222, 926.228390004638, 2434.594735932508, 1661.0025623212764, 993.2735165106087, 1001.0464388291824, 1124.326358341638, 1130.5212184483903, 962.9269776353947, 948.1465711401081, 943.9256835478076, 1580.696167314733, 1329.3316447849631, 1500.6716239039226, 867.7145642711841, 866.1259893010326, 2094.6093422657686, 2212.820001291677, 2164.830902851573, 929.3908805564054, 930.5464267576579, 1024.3719828214232, 1022.158137998804, 1024.7636948933532, 669.1340693661411, 669.3366108974153, 978.8464342800984, 999.8013696070359, 938.92559697923, 938.538949489626, 904.9690736213959, 909.5845324675323, 869.147995783103, 801.7331196132079, 814.9371666683023, 867.9176281716569, 873.4783534454284, 805.8218958966356, 799.456690653801, 926.0274297491369, 938.2965728600411, 1129.4392875328992, 1223.4559153131945, 1002.401264434607, 1000.7424421918607, 879.1651986305318, 877.8280786034778, 841.5554049592117, 846.6325699981724, 673.0223691360645, 897.1614396499714, 900.9950787073443, 742.0229646538953, 743.8556728546378, 759.9454489877062, 857.1887151517196, 857.625893909918, 812.478600977729]}
