{"model_name": "m_0", "hyperparameters": "{'alpha': 0.2, 'q_architecture': (64, 64), 'q_activation_function': <class 'torch.nn.modules.activation.ReLU'>, 'policy_architecture': (64, 64), 'policy_activation_function': <class 'torch.nn.modules.activation.ReLU'>}", "final_mean_reward": 1570.3936683202814, "average_mean_reward": 1531.987173530403, "median_mean_reward": 1196.3426032808127, "best_mean_reward": 3165.160354771511, "cumulative_reward": 306397.4347060806, "auc_mean_reward": 305519.7165227823, "path_to_best_model": "/home/mila/c/cesare.spinoso/etienne/GROUP_013/results/2022-04-25_10h16m22/sac_ckpt_m_0_3165.16.pth.tar", "list_of_rewards": [185.04269827634855, 150.3245718425583, 174.85845497087718, 217.1092822151072, 213.9496553934893, 262.6288230928693, 265.07364290161684, 261.49624377081545, 284.1247202633737, 345.0937396386038, 317.61354538485114, 245.3872281033323, 299.8035078422934, 354.17951707677946, 348.2098500714516, 343.0661166308651, 345.25477833108164, 346.7701511345211, 370.5651426138955, 357.59467620259534, 517.3722421463328, 603.4184733422401, 239.56239773620806, 668.9546189019908, 617.0247797061311, 529.0737635230099, 533.2787690184674, 252.22242455446863, 625.1816272869868, 633.1150447401211, 555.433071059494, 558.8447996551602, 401.25619735204396, 605.610979957855, 786.74006797405, 779.8066539691226, 683.4951183230432, 783.479826752995, 752.2684808018853, 607.1074080565087, 617.1319663757109, 798.5636679684027, 1025.4338055391931, 671.1121600668488, 536.8478408551649, 1140.4623970046614, 1115.570081665251, 1188.1754658393297, 1225.0162489285262, 613.0110129280329, 1048.9997494988227, 1051.8951296324174, 846.3765039886314, 834.2508273748532, 953.3230413740675, 951.0051077126745, 1137.4045633795326, 2134.2794534759328, 2248.499886346513, 1773.8359861747722, 1689.2255571703076, 1204.5097407222956, 2503.305250319969, 2710.2126147486947, 2559.8906871200575, 1487.104460624216, 2224.4567514139844, 2013.5933286398074, 2284.9544246281675, 2464.716846725671, 2456.172713488779, 2461.849496956247, 2467.892297136784, 1567.4068812730754, 1555.1435423980531, 1580.211661981622, 1767.9143385673729, 2038.4243047777222, 1769.4345037616804, 1708.6961097739418, 1698.9635269605326, 1979.9308618380535, 1858.5121809969255, 2164.1892597496353, 2568.2513591010616, 2570.4765478554054, 2570.40120389756, 2677.5060538390226, 2664.467196072898, 2675.980397212322, 2673.229008068219, 2680.1248212221863, 1096.9511557408173, 1040.0024506115092, 1099.2661868581172, 1130.9377985804358, 1921.3065528327165, 2026.3414073013857, 1955.344073437008, 1316.5634836057986, 1339.0182216871585, 936.320068056881, 935.8308493394655, 2279.761036809338, 2459.351874734202, 2390.503804110124, 968.312439086224, 967.430732206422, 855.3476416459765, 746.4225316509002, 1081.4755089338807, 1091.2911855980922, 3079.4570714713823, 3096.576645179807, 1708.3096318711493, 1710.6535759417366, 3060.209327456606, 3039.32838471024, 2813.500925256936, 3068.9210480067322, 3076.0322893574644, 1426.0360617502215, 1274.8087878101817, 1971.6100443385953, 971.0376498269736, 957.844015674245, 1920.2480009198316, 1524.1998027201548, 2266.2417177760644, 1973.6574140719208, 1912.597179836599, 913.9879897250632, 3063.260695382728, 3063.297498345791, 3062.0211606029884, 3062.9344253509803, 3125.673715723772, 3125.909329236814, 3125.6305998447688, 2785.8007193888884, 2885.00499566338, 2773.0978433577034, 2892.103516792264, 2815.5622936740597, 3137.404058163035, 3140.285639486984, 3140.916499897644, 3140.08580185472, 3140.5179987209794, 1395.8242537092924, 1769.3825076208673, 569.1971604110993, 888.8644998102307, 1826.724483839424, 1861.549621930469, 1391.174120637765, 1997.3849514504655, 1454.5650334647748, 1753.3025857258585, 803.864911606906, 817.2315454466262, 892.0914775192402, 898.3422757084539, 1025.0480452051938, 1047.0928912843676, 1600.859892612048, 1587.8831695587426, 900.4967921228169, 902.5109225111464, 965.5643230075526, 968.4651659920052, 929.8487524069153, 769.9867827173709, 767.4645373107729, 2259.60585298811, 2614.115108604439, 2092.254221637587, 1119.8016554199355, 992.855047742036, 1120.2233218564966, 932.0061105383102, 898.8021608832523, 1021.0299822863105, 1085.2978200994007, 746.2633883525237, 740.0046521776924, 745.7900229939038, 3121.1160398572583, 3119.0660378174066, 3121.0288445391243, 3119.9467495175213, 3119.83298711587, 1098.1230297419615, 1122.2301183233633, 3162.965579011993, 3165.160354771511, 3163.6511360776044, 923.9743846313158, 924.896453362065, 1570.3936683202814]}
