{"model_name": "m_0", "hyperparameters": "{'alpha': 0.2, 'q_architecture': (64, 64), 'q_activation_function': <class 'torch.nn.modules.activation.ReLU'>, 'policy_architecture': (64, 64), 'policy_activation_function': <class 'torch.nn.modules.activation.ReLU'>}", "final_mean_reward": 3173.2623729875254, "average_mean_reward": 1543.8680407236116, "median_mean_reward": 1060.6911630917832, "best_mean_reward": 3296.5465857912177, "cumulative_reward": 308773.6081447223, "auc_mean_reward": 307160.55052109953, "path_to_best_model": "/home/mila/c/cesare.spinoso/etienne/GROUP_013/results/2022-04-24_23h49m09/sac_ckpt_m_0_3296.547.pth.tar", "list_of_rewards": [52.85287425795964, 52.66799586352899, 176.76352093974637, 219.90246249108336, 145.67224715461614, 304.73704736682345, 285.81213111575096, 283.5937143226639, 270.568830848481, 262.9511668582252, 343.6924725102945, 339.4480692193297, 343.8971131035879, 320.98617946321167, 1040.860739281008, 1040.756271818937, 1040.7832583862637, 318.9259833512651, 315.34124436183595, 322.7534328866428, 360.4004592150736, 369.4355378278679, 379.7578559226389, 381.31862486232484, 360.93660454069175, 359.11574138043136, 350.42462024257065, 334.33441021217743, 352.0563298217139, 434.0610331267074, 365.5654445096934, 339.4949821521778, 416.0184847316934, 435.9101463006906, 414.67020928181944, 411.2100377610026, 406.215454823834, 432.0103202880646, 411.09520157809936, 406.242183307596, 412.2569137698326, 417.78706483957393, 452.5798844805184, 440.4178834883829, 450.4413825750345, 459.207619059025, 443.09687054615813, 629.7170010856526, 680.157121973946, 629.8327768306266, 660.1011546147053, 412.108599336336, 698.7582544726522, 677.2545441476457, 273.48761611683193, 518.6058214699711, 241.97638713622297, 245.28921261311294, 686.5800576089022, 698.8434794436904, 859.4313251132826, 898.5978535748578, 259.8074534965581, 997.1498025520416, 1102.4435146581484, 242.68037133761527, 1674.4791213347767, 1892.0406408186668, 140.9313993774677, 201.56532805683057, 1231.0307270070841, 1262.0799603990279, 1048.5507963892987, 977.4754489110273, 241.1391818031887, 241.1801876391882, 891.4934554301842, 985.0840442044173, 975.2324829160791, 955.9965660579353, 1079.0365286638857, 1347.0806893713664, 212.97268511459941, 662.889861414417, 971.8022390447571, 958.6826848150216, 717.0376968133053, 300.7131875488666, 733.7981768407268, 1014.8753826029717, 875.400339508478, 2211.6936615394666, 1072.8315297942677, 1733.464907899947, 1951.4658511937128, 1338.7736708566897, 980.7620375215472, 645.649980243183, 1411.2925902860784, 1293.2323725201754, 2197.0150352989353, 3024.9089071989056, 3034.936805645677, 3010.7399872147644, 1248.7902684974795, 1257.1238235467613, 1032.8931467798195, 965.8593727136622, 966.1993090495031, 618.7028951076916, 1411.6775666246044, 1346.2125318958174, 1202.2237467791697, 630.7882977174208, 633.0048961058079, 624.6778664740265, 2464.8185524025866, 2285.1654185750804, 290.6100528368915, 950.5687129405026, 1006.9870853807646, 3166.888258029271, 3023.5983665198714, 2898.5554480116543, 3015.7678448620277, 2878.280850257016, 3079.1970953054306, 894.6027317969044, 884.996068433897, 895.164455184803, 890.8409573524543, 2024.8288533758036, 2149.3799646764987, 1996.8691519276622, 3096.1623158988473, 3081.679474074836, 3069.0310021079254, 2832.9770641651853, 3296.5465857912177, 3165.6476091481604, 3166.622868245776, 3166.2073184738506, 1219.5543136928488, 2281.988682980601, 3290.6700405462398, 3095.739479481398, 1624.136243678055, 1446.1200588655245, 1485.338140648122, 1752.749621934215, 1608.4251359792183, 2462.580036065192, 2243.9961272346727, 2820.1406024884777, 3024.365924692607, 2813.0161423053855, 2783.435508518016, 3265.1579942305175, 3064.666752731854, 1633.0606346109637, 1917.5897533457362, 2609.3458130831577, 2956.105670402903, 3201.8469410172347, 2946.9128735453182, 2926.8628052211643, 1353.9444352333692, 2609.625209788384, 2994.6506850605642, 3254.7560036238915, 3245.996488269787, 3256.1800463134496, 3175.9562196428933, 3176.2732982761468, 3126.7269344227857, 2984.0056650183706, 2986.994814415755, 3218.8900055645818, 3220.1880463883326, 3218.893057086842, 3220.589325247616, 3155.0927866188763, 3156.459143707065, 3156.9143810943856, 2996.0479277563077, 2988.955529369886, 2980.9139010165836, 2977.7858728435795, 2978.144293089861, 3054.6864327105895, 3057.5085694505497, 3058.8111344326758, 3056.285740466129, 3079.5334095152757, 3079.3648363849825, 3082.4184202258825, 3080.065186615734, 3171.100053841835, 3171.4482407493047, 3173.2623729875254]}
